Date,R(PETR4.SA),R(VALE3.SA),R(ITUB4.SA),R(BBDC4.SA),R(ABEV3.SA),R(RADL3.SA),R(CMIG4.SA),R(JBSS3.SA),R(ITSA4.SA),R(WEGE3.SA),R(LREN3.SA),R(EMBR3.SA),R(ELET3.SA),R(CPLE6.SA),R(SUZB3.SA),R(^BVSP),Selic
12/01/10,,,,,,,,,,,,,,,,,"10,75%"
01/01/11,"-0,74%","3,11%","-11,16%","-5,83%","-13,37%","-11,78%","2,55%","-12,94%","-11,30%","-9,32%","-15,30%","13,61%","0,75%","2,38%","0,00%","-4,02%","11,25%"
02/01/11,"5,35%","-1,38%","3,89%","-3,30%","-1,38%","5,67%","0,91%","-0,96%","2,93%","0,95%","5,23%","3,56%","4,79%","-1,66%","0,00%","1,21%","11,25%"
03/01/11,"-0,74%","-5,38%","5,01%","8,52%","3,54%","0,47%","11,11%","-5,77%","1,96%","4,39%","3,64%","-3,71%","4,86%","6,26%","0,00%","1,77%","11,75%"
04/01/11,"-10,27%","-2,97%","-4,74%","-3,26%","8,35%","-12,15%","4,12%","-9,24%","-1,88%","-6,15%","9,31%","-8,82%","-7,45%","-3,43%","0,00%","-3,64%","12,00%"
05/01/11,"-6,08%","-3,02%","-3,46%","-1,25%","-2,50%","-0,89%","-8,42%","5,26%","-2,67%","-9,02%","3,05%","1,21%","-2,21%","-4,76%","0,00%","-2,31%","12,00%"
06/01/11,"-1,55%","-1,52%","1,69%","2,17%","4,47%","-5,04%","6,76%","-5,07%","1,51%","-1,12%","-0,59%","-5,00%","-6,98%","1,21%","0,00%","-3,49%","12,25%"
07/01/11,"-0,93%","1,28%","-14,60%","-7,19%","-12,89%","13,59%","-8,18%","-16,10%","-15,58%","-5,19%","-8,19%","-6,15%","-11,83%","-11,48%","0,00%","-5,91%","12,50%"
08/01/11,"-12,20%","-11,24%","-8,79%","-4,68%","18,54%","2,43%","1,08%","-7,01%","-6,86%","1,82%","8,78%","-10,25%","-12,98%","-5,56%","0,00%","-4,04%","12,50%"
09/01/11,"-8,53%","-4,92%","0,69%","-1,58%","1,07%","-10,54%","-6,19%","-16,24%","-0,52%","8,30%","-16,69%","15,13%","-0,62%","-3,19%","0,00%","-7,67%","12,00%"
10/01/11,"12,21%","2,45%","11,93%","12,34%","0,80%","-4,08%","2,03%","41,37%","12,51%","3,05%","2,75%","0,85%","5,93%","1,46%","0,00%","10,88%","11,50%"
11/01/11,"2,15%","-4,83%","-2,57%","-5,64%","6,76%","15,42%","9,18%","8,05%","-2,34%","-7,43%","4,03%","-4,66%","-3,67%","5,90%","22,31%","-2,54%","11,50%"
12/01/11,"-2,57%","-5,43%","6,35%","3,71%","9,60%","2,89%","7,00%","2,16%","6,69%","4,80%","-11,30%","3,90%","7,38%","6,40%","0,00%","-0,21%","11,00%"
01/01/12,"13,39%","12,49%","3,27%","2,09%","-4,88%","11,15%","6,12%","4,97%","1,41%","3,66%","19,78%","2,52%","0,61%","4,15%","0,00%","10,56%","10,50%"
02/01/12,"-1,06%","-2,61%","4,67%","-0,64%","11,13%","14,25%","10,71%","13,31%","4,78%","-1,97%","10,27%","5,96%","3,99%","6,40%","0,00%","4,25%","10,50%"
03/01/12,"-4,03%","-1,50%","-5,22%","2,19%","8,01%","5,98%","10,27%","2,70%","-6,45%","3,60%","-4,19%","13,43%","-8,60%","-1,12%","0,00%","-2,00%","9,75%"
04/01/12,"-9,24%","-0,70%","-15,21%","-4,03%","6,87%","14,60%","7,96%","0,00%","-11,97%","1,70%","-2,31%","11,60%","-5,02%","12,19%","0,00%","-4,26%","9,00%"
05/01/12,"-10,70%","-12,51%","-2,36%","-3,42%","-7,42%","-9,65%","-7,13%","-31,93%","-2,80%","3,22%","-5,23%","-13,60%","-20,57%","-16,32%","0,00%","-12,62%","8,50%"
06/01/12,"-4,71%","6,54%","-3,51%","1,14%","0,91%","8,23%","6,42%","10,11%","-3,58%","-6,51%","-3,14%","-7,15%","7,13%","7,47%","0,00%","-0,25%","8,50%"
07/01/12,"6,62%","-7,72%","13,78%","5,40%","1,79%","14,46%","4,30%","-11,78%","12,27%","-5,16%","8,37%","-1,66%","-0,70%","-4,92%","0,00%","3,15%","8,00%"
08/01/12,"6,26%","-9,51%","-2,40%","3,88%","-0,83%","-8,00%","-12,52%","8,58%","-2,74%","8,24%","8,82%","6,34%","-8,32%","-15,33%","0,00%","1,70%","7,50%"
09/01/12,"7,47%","7,72%","-3,63%","-0,86%","-0,02%","7,53%","-34,11%","14,04%","-3,48%","16,14%","1,45%","-2,83%","-7,33%","-8,68%","0,00%","3,64%","7,50%"
10/01/12,"-7,28%","2,60%","-2,95%","-1,77%","6,88%","-4,12%","-1,15%","-2,26%","-1,45%","-1,24%","10,21%","4,24%","-8,18%","-9,83%","0,00%","-3,63%","7,25%"
11/01/12,"-10,86%","0,40%","7,90%","10,35%","12,89%","-6,23%","5,49%","-19,43%","7,68%","15,53%","3,85%","-7,99%","-37,67%","-5,13%","0,00%","0,71%","7,25%"
12/01/12,"4,51%","11,73%","3,82%","-0,91%","7,44%","9,40%","-12,74%","10,35%","0,83%","-0,92%","2,03%","9,73%","-18,94%","10,64%","0,00%","5,87%","7,25%"
01/01/13,"-7,66%","-4,90%","2,84%","3,99%","7,29%","-3,62%","-4,53%","24,03%","3,95%","-6,66%","-0,05%","12,96%","11,76%","2,80%","0,00%","-1,97%","7,25%"
02/01/13,"-8,48%","-6,30%","2,08%","-3,56%","-3,09%","2,53%","8,13%","-10,64%","2,45%","4,75%","-5,61%","1,63%","-2,42%","-11,70%","0,00%","-3,99%","7,25%"
03/01/13,"10,34%","-7,33%","1,13%","3,73%","-6,35%","-6,89%","0,81%","-0,58%","-0,10%","-1,75%","0,63%","5,98%","-10,62%","4,71%","0,00%","-1,88%","7,25%"
04/01/13,"8,68%","-2,42%","-5,18%","-1,15%","-0,15%","1,91%","7,74%","-6,67%","-3,55%","0,69%","1,00%","-0,96%","-13,88%","15,11%","0,00%","-0,79%","7,50%"
05/01/13,"-0,15%","-11,88%","5,65%","4,10%","0,31%","5,69%","-4,31%","10,69%","4,49%","7,71%","-2,78%","10,57%","3,96%","-8,22%","0,00%","-4,39%","8,00%"
06/01/13,"-21,56%","-5,19%","-11,89%","-17,74%","1,01%","-6,66%","-8,88%","-9,14%","-13,54%","-0,57%","-15,35%","4,41%","-20,09%","-15,84%","0,00%","-12,00%","8,00%"
07/01/13,"0,74%","7,04%","1,28%","-3,72%","3,68%","-10,79%","5,16%","-1,71%","1,93%","-0,53%","-5,63%","-5,12%","-1,09%","0,57%","0,00%","1,62%","8,50%"
08/01/13,"4,21%","10,17%","-0,38%","0,22%","-2,94%","-13,40%","-10,45%","14,45%","0,00%","0,00%","-5,11%","1,43%","8,37%","2,23%","0,00%","3,61%","9,00%"
09/01/13,"7,75%","0,35%","8,04%","9,02%","1,40%","8,24%","2,37%","5,16%","7,26%","-3,64%","10,16%","-9,93%","22,72%","9,53%","0,00%","4,55%","9,00%"
10/01/13,"10,00%","3,68%","9,52%","5,85%","-1,46%","-11,13%","3,67%","3,55%","6,97%","7,49%","6,06%","-8,61%","12,75%","-1,44%","0,00%","3,60%","9,50%"
11/01/13,"-5,94%","0,34%","-4,86%","-3,83%","5,08%","3,00%","-1,67%","4,50%","-3,91%","7,92%","-7,70%","10,39%","-18,18%","1,28%","0,00%","-3,32%","10,00%"
12/01/13,"-11,28%","-0,45%","-2,68%","-6,36%","-1,38%","-13,40%","-6,90%","4,31%","-4,18%","-1,09%","-2,43%","4,05%","-0,85%","-2,81%","0,00%","-1,88%","10,00%"
01/01/14,"-15,01%","-7,74%","-5,81%","-10,62%","-7,37%","-1,71%","-0,57%","-3,72%","-5,54%","-12,86%","-9,58%","-2,68%","-11,74%","-9,26%","0,00%","-7,81%","10,50%"
02/01/14,"-7,85%","-0,15%","3,09%","4,30%","4,79%","12,90%","-3,66%","-11,93%","0,99%","11,01%","4,01%","13,03%","-4,31%","-9,73%","0,00%","-1,15%","10,75%"
03/01/14,"14,94%","-4,91%","8,21%","13,28%","0,41%","17,19%","12,71%","3,41%","8,81%","3,56%","10,71%","-3,45%","27,76%","16,60%","0,00%","6,81%","10,75%"
04/01/14,"4,82%","-6,14%","8,19%","6,31%","-3,78%","-3,26%","5,36%","-0,65%","5,57%","9,85%","2,13%","-4,86%","16,32%","6,68%","0,00%","2,37%","11,00%"
05/01/14,"0,78%","-3,76%","-5,51%","-6,24%","-2,86%","0,00%","-3,22%","-2,76%","-3,91%","-3,40%","3,67%","5,65%","-15,57%","1,12%","0,00%","-0,75%","11,00%"
06/01/14,"3,53%","2,70%","0,99%","2,66%","-0,63%","-4,08%","3,53%","1,32%","1,62%","8,40%","3,96%","-1,03%","-3,99%","4,99%","0,00%","3,70%","11,00%"
07/01/14,"9,96%","10,72%","9,35%","7,68%","-0,57%","3,92%","13,48%","9,41%","8,81%","-3,93%","-3,30%","6,52%","-2,22%","3,82%","0,00%","4,88%","11,00%"
08/01/14,"20,13%","-10,86%","14,37%","17,28%","4,37%","14,32%","4,14%","19,13%","14,31%","2,72%","11,44%","1,02%","26,79%","12,48%","0,00%","9,33%","11,00%"
09/01/14,"-25,57%","-8,39%","-17,94%","-16,62%","-2,04%","-4,44%","-25,01%","-9,98%","-16,66%","2,19%","-7,74%","10,38%","-21,95%","-17,91%","0,00%","-12,45%","11,00%"
10/01/14,"-16,88%","-7,14%","8,17%","6,88%","2,22%","7,14%","-5,20%","18,87%","6,47%","2,28%","4,30%","-0,66%","-5,32%","3,74%","0,00%","0,94%","11,25%"
11/01/14,"-17,40%","-7,09%","5,22%","6,01%","2,17%","8,27%","-0,35%","7,49%","5,99%","4,15%","2,99%","-1,47%","-3,43%","1,89%","0,00%","0,06%","11,25%"
12/01/14,"-24,70%","-6,11%","-11,20%","-12,25%","-2,48%","3,70%","-7,62%","-6,15%","-11,17%","0,43%","0,03%","3,33%","-3,56%","2,80%","0,00%","-8,90%","11,75%"
01/01/15,"-18,93%","-16,32%","-5,04%","-3,87%","7,88%","1,95%","-9,83%","1,24%","-2,70%","4,72%","-8,13%","-2,91%","-12,28%","-14,74%","0,00%","-6,40%","12,25%"
02/01/15,"14,03%","13,27%","10,38%","10,86%","3,44%","9,76%","8,60%","8,94%","10,12%","-4,79%","17,63%","4,77%","4,20%","9,27%","0,00%","9,50%","12,25%"
03/01/15,"1,15%","-16,93%","-3,31%","-5,86%","0,92%","0,49%","-1,24%","13,48%","-1,10%","3,91%","7,66%","-1,42%","7,38%","-1,29%","0,00%","-0,84%","12,75%"
04/01/15,"30,16%","23,31%","8,73%","8,53%","2,51%","17,48%","12,66%","8,83%","6,12%","0,88%","14,60%","-4,37%","23,69%","0,00%","0,00%","9,47%","13,25%"
05/01/15,"-5,75%","-12,19%","-11,54%","-13,20%","-2,24%","4,30%","-2,58%","0,96%","-8,95%","6,40%","1,89%","1,52%","-12,38%","-3,79%","0,00%","-6,37%","13,25%"
06/01/15,"2,88%","-9,19%","-0,32%","0,81%","2,45%","12,72%","-17,87%","4,44%","1,02%","10,59%","5,41%","-0,84%","-9,25%","6,92%","0,00%","0,61%","13,75%"
07/01/15,"-19,04%","-2,32%","-3,36%","-3,40%","2,50%","6,86%","-22,82%","-5,98%","-5,89%","-1,59%","-3,70%","1,01%","-1,54%","2,82%","0,00%","-4,26%","14,25%"
08/01/15,"-13,23%","0,28%","-12,48%","-17,58%","-1,97%","-8,70%","-22,74%","-8,53%","-14,31%","-11,07%","-10,01%","-3,93%","-15,07%","-14,90%","0,00%","-8,70%","14,25%"
09/01/15,"-23,85%","-7,77%","-0,15%","-7,33%","1,71%","-1,52%","-7,31%","17,17%","-1,94%","-8,08%","-6,85%","10,41%","5,28%","5,16%","0,00%","-3,42%","14,25%"
10/01/15,"6,29%","2,85%","-0,15%","-1,98%","-1,71%","2,25%","2,40%","-16,46%","0,84%","-7,04%","0,54%","10,35%","-4,48%","-0,43%","0,00%","1,78%","14,25%"
11/01/15,"-0,52%","-25,88%","4,87%","0,57%","-2,39%","-0,85%","-8,14%","-13,74%","0,69%","5,41%","-5,56%","7,23%","14,27%","-12,43%","0,00%","-1,65%","14,25%"
12/01/15,"-13,52%","-1,07%","-5,40%","-9,12%","-4,33%","-11,11%","-7,39%","-0,57%","-5,24%","-1,66%","-2,31%","-0,69%","-0,52%","-16,64%","0,00%","-4,00%","14,25%"
01/01/16,"-32,52%","-29,31%","-5,38%","-6,04%","4,44%","15,62%","-3,65%","-13,41%","0,00%","3,35%","3,67%","-4,85%","1,04%","-9,72%","0,00%","-7,03%","14,25%"
02/01/16,"6,01%","19,48%","1,79%","16,19%","-5,62%","10,36%","-0,68%","5,41%","-0,88%","-15,88%","1,45%","4,89%","-2,43%","4,78%","0,00%","5,74%","14,25%"
03/01/16,"48,04%","24,91%","20,60%","23,75%","6,37%","12,58%","32,08%","-4,58%","18,06%","6,32%","14,41%","-23,61%","15,47%","21,26%","0,00%","15,67%","14,25%"
04/01/16,"20,79%","26,21%","5,18%","5,15%","3,09%","5,34%","-16,64%","-18,62%","5,82%","7,74%","-0,10%","-14,80%","16,12%","-1,05%","0,00%","7,42%","14,25%"
05/01/16,"-24,09%","-32,55%","-12,35%","-12,75%","-1,45%","4,79%","-19,61%","10,09%","-9,77%","-5,34%","0,62%","-9,00%","2,66%","-17,86%","0,00%","-10,63%","14,25%"
06/01/16,"15,84%","13,47%","4,21%","9,93%","-0,31%","8,94%","25,70%","0,00%","6,11%","-4,62%","12,53%","-7,17%","47,31%","21,02%","0,00%","6,11%","14,25%"
07/01/16,"23,12%","12,84%","10,90%","11,89%","-1,32%","4,85%","22,20%","8,62%","9,66%","10,56%","14,04%","-16,55%","31,70%","9,56%","0,00%","10,63%","14,25%"
08/01/16,"7,93%","-8,81%","5,92%","2,44%","2,05%","-10,49%","-3,81%","13,70%","2,83%","7,93%","-6,17%","-3,43%","24,52%","2,49%","0,00%","1,03%","14,25%"
09/01/16,"5,45%","5,01%","-0,92%","2,08%","3,23%","10,49%","-1,96%","-5,59%","-3,07%","6,61%","-4,63%","-2,26%","-15,68%","2,01%","0,00%","0,80%","14,25%"
10/01/16,"26,51%","21,49%","17,33%","11,96%","-5,12%","6,68%","12,78%","-19,66%","12,39%","-0,34%","9,84%","20,22%","20,74%","8,33%","0,00%","10,65%","14,00%"
11/01/16,"-10,04%","23,97%","-8,08%","-11,69%","-9,35%","-9,42%","-21,04%","0,51%","-9,20%","-12,26%","-18,32%","-3,44%","7,91%","-23,31%","0,00%","-4,76%","14,00%"
12/01/16,"-7,32%","-8,86%","-4,53%","-2,55%","-4,47%","-5,25%","-2,43%","15,53%","-3,91%","-0,45%","3,02%","-3,50%","-11,73%","-5,65%","0,00%","-2,75%","13,75%"
01/01/17,"1,00%","22,56%","9,54%","12,01%","4,76%","6,81%","17,01%","4,29%","11,40%","2,61%","3,02%","11,78%","-9,08%","16,13%","0,00%","7,12%","13,00%"
02/01/17,"1,06%","1,66%","7,22%","2,18%","3,65%","-9,78%","15,66%","-1,69%","8,53%","6,51%","6,76%","-0,39%","3,12%","4,71%","0,00%","3,03%","12,25%"
03/01/17,"-4,65%","-9,38%","-5,47%","-3,16%","2,22%","-1,24%","-3,52%","-13,62%","-5,53%","2,44%","8,44%","-3,06%","-22,85%","-2,89%","0,00%","-2,55%","12,25%"
04/01/17,"-3,65%","-8,11%","3,53%","3,13%","0,11%","13,95%","-15,03%","0,59%","4,02%","1,71%","6,21%","-12,41%","5,46%","-11,55%","0,00%","0,64%","11,25%"
05/01/17,"-7,50%","-1,10%","-9,93%","-9,86%","2,43%","6,53%","-15,04%","-24,11%","-9,99%","7,09%","-1,96%","4,14%","-27,27%","-4,63%","0,00%","-4,20%","11,25%"
06/01/17,"-4,66%","6,52%","3,32%","2,26%","-2,16%","-2,66%","5,60%","-21,17%","0,78%","-7,09%","3,76%","-5,65%","-9,93%","-12,69%","0,00%","0,30%","10,25%"
07/01/17,"7,17%","7,63%","1,54%","7,00%","4,49%","-1,60%","5,30%","16,48%","2,52%","6,77%","6,78%","4,14%","8,10%","5,47%","0,00%","4,69%","9,25%"
08/01/17,"2,67%","11,40%","7,81%","10,64%","3,64%","0,51%","-1,66%","11,86%","9,78%","7,72%","4,34%","12,84%","26,63%","10,37%","0,00%","7,19%","9,25%"
09/01/17,"11,41%","-9,60%","7,17%","4,28%","5,77%","7,83%","-4,89%","-1,98%","7,82%","4,49%","16,42%","-0,22%","11,46%","-1,79%","0,00%","4,77%","8,25%"
10/01/17,"9,17%","0,72%","-3,04%","-1,06%","-0,67%","4,19%","-0,07%","-11,98%","-5,12%","-0,56%","-4,48%","-13,25%","10,97%","-12,19%","0,00%","0,02%","7,50%"
11/01/17,"-8,65%","9,05%","-1,87%","-6,03%","-1,64%","11,79%","-15,80%","4,79%","-0,96%","7,25%","-1,61%","-0,13%","-16,32%","-7,99%","-13,35%","-3,20%","7,50%"
12/01/17,"4,58%","13,60%","3,12%","3,61%","3,44%","4,23%","4,01%","21,53%","4,15%","5,24%","4,50%","24,53%","3,20%","7,83%","6,52%","5,97%","7,00%"
01/01/18,"20,18%","2,91%","20,48%","18,55%","3,10%","-8,37%","8,77%","2,42%","20,26%","-1,72%","6,46%","0,10%","4,99%","-1,78%","10,02%","10,56%","7,00%"
02/01/18,"8,56%","8,33%","-3,66%","-4,98%","0,23%","-8,26%","9,04%","-1,40%","-0,99%","-1,23%","-9,24%","8,33%","19,75%","3,37%","5,14%","0,67%","6,75%"
03/01/18,"-0,23%","-6,51%","1,83%","1,87%","8,99%","-3,86%","4,17%","-5,82%","4,98%","-3,48%","-0,49%","-0,97%","-16,51%","2,84%","42,77%","-0,13%","6,50%"
04/01/18,"7,03%","14,24%","-0,59%","-3,80%","-3,12%","-8,39%","-1,18%","-6,63%","-1,31%","2,20%","-5,20%","2,70%","-9,64%","2,69%","20,77%","0,87%","6,50%"
05/01/18,"-19,08%","3,95%","-17,13%","-16,98%","-16,96%","-9,94%","-9,80%","2,04%","-19,22%","-3,43%","-9,45%","1,57%","-26,50%","-13,10%","4,85%","-11,51%","6,50%"
06/01/18,"-9,91%","-2,08%","-6,34%","-8,10%","-9,09%","6,42%","-4,94%","4,06%","-10,63%","-5,57%","-1,02%","7,58%","-18,25%","-6,96%","4,25%","-5,34%","6,50%"
07/01/18,"13,73%","10,06%","10,93%","12,66%","7,65%","11,32%","11,99%","-3,06%","12,67%","13,02%","5,01%","-23,13%","34,84%","-6,70%","-0,94%","8,50%","6,50%"
08/01/18,"-2,36%","-2,25%","-6,26%","-7,30%","-2,93%","3,49%","-9,82%","4,13%","-8,30%","3,35%","-8,80%","1,80%","-8,77%","-0,54%","6,01%","-3,26%","6,50%"
09/01/18,"9,08%","10,94%","4,31%","1,02%","-2,74%","-6,12%","-4,10%","-0,21%","5,18%","3,14%","9,18%","1,17%","-1,98%","4,88%","1,61%","3,42%","6,50%"
10/01/18,"26,97%","-5,34%","10,98%","17,93%","-11,55%","-14,23%","43,21%","8,87%","10,69%","-9,28%","19,30%","5,40%","41,55%","20,30%","-23,92%","9,70%","6,50%"
11/01/18,"-8,14%","-7,14%","9,26%","11,45%","3,49%","-1,10%","14,18%","13,83%","9,34%","-1,01%","3,91%","4,07%","3,88%","21,43%","7,73%","2,35%","6,50%"
12/01/18,"-11,56%","-3,47%","-1,45%","0,49%","-9,54%","-8,35%","8,66%","-1,54%","-2,13%","-1,58%","8,10%","-0,55%","-0,82%","-6,19%","-7,12%","-1,82%","6,50%"
01/01/19,"12,03%","-11,41%","8,84%","15,79%","12,97%","8,15%","-0,07%","26,39%","11,11%","7,15%","7,06%","-11,42%","43,41%","14,48%","18,90%","10,27%","6,50%"
02/01/19,"5,62%","3,46%","-9,60%","-4,50%","-1,61%","5,35%","3,89%","-11,65%","-8,74%","-2,25%","-5,00%","-1,35%","-1,13%","1,21%","3,55%","-1,88%","6,50%"
03/01/19,"3,63%","7,82%","-2,30%","-0,77%","-2,35%","-0,17%","-3,53%","17,01%","-3,20%","-2,31%","1,19%","-3,36%","-0,79%","1,83%","-2,36%","-0,18%","6,50%"
04/01/19,"-3,44%","-1,64%","-1,76%","-0,57%","9,30%","5,71%","5,87%","21,66%","-0,59%","3,17%","6,80%","6,25%","-11,51%","12,39%","-13,36%","0,98%","6,50%"
05/01/19,"-5,93%","-2,22%","3,40%","3,91%","-5,11%","0,40%","0,14%","10,05%","3,95%","2,50%","3,28%","-3,58%","5,10%","15,28%","-23,87%","0,70%","6,50%"
06/01/19,"7,03%","5,60%","3,54%","1,98%","1,92%","9,19%","0,61%","-2,97%","3,96%","11,45%","6,84%","2,40%","2,41%","1,24%","2,37%","3,98%","6,50%"
07/01/19,"-4,97%","-3,96%","-4,05%","-8,98%","11,80%","8,69%","-4,90%","15,99%","-3,31%","10,90%","0,63%","-0,52%","11,10%","1,13%","-6,87%","0,83%","6,50%"
08/01/19,"-2,25%","-8,90%","-2,56%","-4,60%","-7,26%","10,33%","4,29%","17,43%","-1,45%","-5,70%","6,31%","-7,30%","15,38%","5,83%","-5,32%","-0,67%","6,00%"
09/01/19,"7,73%","4,67%","3,16%","2,90%","2,79%","4,01%","-2,96%","10,10%","6,99%","7,41%","-0,16%","-0,22%","-13,47%","-4,90%","14,60%","3,51%","5,50%"
10/01/19,"9,81%","-1,16%","3,37%","3,62%","-10,22%","13,81%","-4,86%","-14,76%","3,94%","5,11%","0,55%","-2,14%","-1,48%","11,52%","-3,05%","2,34%","5,00%"
11/01/19,"-4,17%","5,72%","-4,03%","-5,25%","3,78%","2,68%","-4,50%","0,67%","-3,26%","17,64%","2,05%","2,65%","-12,70%","12,77%","16,67%","0,94%","5,00%"
12/01/19,"3,47%","6,43%","6,40%","8,06%","3,38%","-1,20%","5,52%","-9,88%","6,00%","13,05%","8,13%","9,18%","8,18%","8,80%","2,86%","6,62%","4,50%"
01/01/20,"-5,90%","-5,85%","-12,26%","-9,51%","-4,49%","10,68%","8,08%","6,67%","-9,13%","12,84%","2,22%","-8,40%","3,69%","6,11%","-0,03%","-1,64%","4,50%"
02/01/20,"-11,58%","-12,62%","-2,53%","-7,45%","-20,51%","-3,54%","-6,85%","-19,47%","-6,84%","9,07%","-7,50%","-6,73%","-12,74%","-2,36%","-3,93%","-8,81%","4,25%"
03/01/20,"-59,40%","-2,49%","-32,63%","-38,52%","-19,87%","-16,32%","-44,90%","-10,98%","-31,44%","-25,10%","-46,26%","-57,54%","-36,96%","-29,29%","-6,36%","-35,53%","3,75%"
04/01/20,"25,48%","3,72%","-1,40%","1,41%","-4,99%","2,84%","6,62%","15,88%","2,59%","17,37%","13,45%","-9,79%","1,62%","1,67%","9,64%","9,76%","3,75%"
05/01/20,"11,94%","16,67%","1,18%","-1,05%","9,58%","4,35%","12,62%","-8,17%","-1,57%","4,62%","0,42%","-19,04%","14,27%","15,15%","-4,01%","8,22%","3,00%"
06/01/20,"5,78%","5,36%","9,95%","8,83%","12,49%","1,07%","2,02%","-3,80%","7,92%","19,05%","8,09%","12,35%","10,29%","-4,00%","-2,87%","8,39%","2,25%"
07/01/20,"2,97%","8,22%","5,50%","8,07%","-1,71%","11,50%","8,52%","1,83%","10,67%","28,58%","-1,62%","-6,12%","17,53%","8,75%","13,24%","7,94%","2,25%"
08/01/20,"-1,41%","-1,71%","-13,26%","-7,88%","-12,15%","-14,08%","-9,04%","4,09%","-12,35%","-4,14%","5,53%","-3,61%","-3,95%","-7,18%","17,83%","-3,50%","2,00%"
09/01/20,"-11,00%","-0,96%","-4,56%","-6,63%","1,85%","8,28%","-4,17%","-8,22%","-6,91%","1,66%","-9,20%","-16,24%","-15,80%","0,37%","-9,72%","-4,92%","2,00%"
10/01/20,"-3,48%","2,41%","4,26%","3,79%","-2,91%","2,70%","1,47%","-6,08%","3,24%","14,34%","-5,71%","-3,42%","2,41%","-0,40%","9,42%","-0,69%","2,00%"
11/01/20,"27,36%","25,32%","19,59%","18,68%","13,78%","7,18%","20,88%","17,41%","15,18%","-3,03%","17,65%","29,51%","0,00%","10,02%","12,12%","14,75%","2,00%"
12/01/20,"12,94%","11,44%","10,21%","11,05%","11,28%","-3,18%","14,22%","2,18%","10,32%","2,91%","-2,58%","8,86%","16,60%","9,32%","3,55%","9,14%","2,00%"
01/01/21,"-6,00%","0,57%","-10,98%","-9,26%","-3,51%","-0,48%","-6,09%","2,17%","-10,04%","10,10%","-4,87%","-0,68%","-24,54%","-13,80%","5,82%","-2,80%","2,00%"
02/01/21,"-18,24%","7,20%","-10,36%","-7,29%","-7,49%","-7,02%","-13,58%","6,56%","-6,42%","-7,10%","-12,33%","33,03%","12,19%","-10,83%","16,48%","-5,29%","2,00%"
03/01/21,"8,03%","3,58%","9,05%","15,18%","8,67%","7,58%","8,57%","15,93%","3,65%","-4,57%","14,99%","13,59%","5,58%","19,65%","-6,52%","5,82%","2,75%"
04/01/21,"-2,01%","10,69%","-1,59%","-2,02%","-2,32%","4,83%","6,03%","-0,53%","-2,55%","-6,28%","-4,48%","9,46%","7,10%","-13,01%","0,17%","1,92%","2,75%"
05/01/21,"12,89%","5,15%","7,05%","10,46%","18,35%","6,90%","8,99%","0,43%","7,65%","-2,49%","14,71%","11,52%","17,53%","1,90%","-12,29%","5,98%","3,50%"
06/01/21,"9,10%","-1,34%","0,88%","-2,87%","-5,03%","-13,14%","-11,29%","-3,88%","2,64%","-1,36%","-5,65%","8,80%","-1,54%","-7,31%","-1,53%","0,46%","4,25%"
07/01/21,"-8,95%","-4,05%","1,66%","-5,92%","-2,55%","2,12%","-1,58%","9,66%","0,18%","5,82%","-6,85%","-1,49%","-7,00%","3,15%","-10,09%","-4,02%","4,25%"
08/01/21,"1,04%","-9,73%","2,09%","-4,64%","2,73%","1,26%","12,35%","-2,78%","3,43%","-0,42%","-8,17%","23,10%","-6,73%","11,12%","12,06%","-2,51%","5,25%"
09/01/21,"0,15%","-25,80%","-6,72%","-10,56%","-11,12%","-8,96%","3,78%","17,34%","-3,70%","10,84%","-10,05%","-1,25%","2,31%","6,23%","-11,23%","-6,79%","6,25%"
10/01/21,"-0,29%","-6,27%","-21,60%","-4,57%","10,48%","-0,51%","-8,55%","5,20%","-8,33%","-6,87%","-6,57%","-5,33%","-12,96%","-20,68%","-10,21%","-6,98%","7,75%"
11/01/21,"8,06%","-2,35%","-4,07%","0,05%","-5,63%","-3,81%","2,00%","-9,11%","-5,82%","-13,80%","-2,94%","-13,61%","-3,61%","3,65%","13,17%","-1,54%","7,75%"
12/01/21,"-3,21%","11,85%","-6,08%","-3,58%","-3,81%","8,23%","-0,23%","6,23%","-3,08%","2,63%","-14,74%","26,79%","2,36%","4,77%","6,58%","2,81%","9,25%"
01/01/22,"12,67%","2,66%","18,46%","17,13%","-3,22%","-4,80%","0,15%","-7,81%","13,20%","-2,85%","13,58%","-20,86%","5,47%","10,88%","-1,31%","6,97%","9,25%"
02/01/22,"4,97%","13,20%","0,55%","-11,37%","1,52%","0,86%","-2,55%","2,25%","-1,68%","-8,97%","-10,49%","-14,32%","-1,48%","-3,54%","-7,23%","0,67%","10,75%"
03/01/22,"-1,63%","3,53%","7,60%","8,79%","1,31%","2,45%","17,25%","3,67%","7,03%","17,06%","8,26%","-16,25%","8,83%","8,70%","0,15%","5,88%","11,75%"
04/01/22,"-9,96%","-13,78%","-14,08%","-11,64%","-5,88%","-13,44%","-3,61%","1,65%","-15,46%","-14,71%","-14,66%","-5,14%","6,37%","-1,60%","-10,59%","-10,65%","11,75%"
05/01/22,"-0,73%","3,45%","9,16%","13,12%","-2,30%","-1,35%","3,19%","-6,13%","4,04%","-17,10%","11,33%","-10,92%","4,02%","-0,95%","7,55%","3,17%","12,75%"
06/01/22,"-7,35%","-11,87%","-14,32%","-17,55%","-5,73%","-7,28%","-11,54%","-11,95%","-13,97%","4,17%","-16,21%","-10,76%","9,20%","-7,61%","-7,39%","-12,22%","13,25%"
07/01/22,"20,11%","-9,32%","4,11%","1,33%","10,81%","8,87%","7,96%","1,10%","3,42%","5,84%","11,16%","2,67%","-0,85%","2,32%","-2,86%","4,58%","13,25%"
08/01/22,"-2,73%","-7,83%","8,87%","8,41%","2,25%","3,65%","7,37%","-7,64%","5,85%","0,89%","4,56%","16,23%","0,65%","-0,29%","-8,71%","5,98%","13,75%"
09/01/22,"-10,89%","11,06%","8,36%","4,54%","1,75%","4,36%","-11,74%","-16,38%","6,15%","12,76%","5,08%","-17,08%","-7,05%","-5,76%","0,54%","0,47%","13,75%"
10/01/22,"0,03%","-7,06%","8,01%","0,10%","2,92%","14,63%","5,51%","-0,64%","9,88%","22,58%","10,39%","16,57%","14,79%","11,74%","17,86%","5,31%","13,75%"
11/01/22,"-11,17%","24,43%","-15,63%","-24,27%","-0,50%","-13,23%","0,96%","-12,40%","-9,49%","-3,23%","-28,88%","-1,47%","-4,77%","8,79%","-0,09%","-3,11%","13,75%"
12/01/22,"-8,45%","3,63%","-3,92%","-2,80%","-9,20%","2,87%","-3,01%","-0,27%","-4,26%","-1,26%","-12,25%","5,46%","-12,02%","-2,13%","-9,69%","-2,21%","13,75%"
01/01/23,"6,21%","6,14%","1,31%","-7,75%","-6,11%","4,57%","2,83%","-9,09%","0,23%","-0,70%","5,46%","13,33%","-3,55%","-1,79%","-3,98%","3,13%","13,75%"
02/01/23,"-3,24%","-10,23%","0,39%","-6,94%","-2,00%","-9,06%","-8,94%","-4,53%","-3,58%","2,38%","-14,82%","1,46%","-16,93%","-9,72%","2,93%","-7,88%","13,75%"
03/01/23,"-7,36%","-6,08%","-2,75%","0,69%","6,78%","7,51%","8,76%","-7,24%","-0,12%","3,49%","-11,83%","22,57%","-3,08%","-1,57%","-13,77%","-2,95%","13,75%"
04/01/23,"1,06%","-10,34%","4,66%","5,03%","-1,19%","7,22%","7,65%","0,28%","5,45%","1,40%","-4,51%","-6,82%","1,70%","14,46%","-4,42%","2,47%","13,75%"
05/01/23,"9,72%","-12,63%","1,57%","11,32%","1,75%","11,43%","-5,41%","-6,34%","1,15%","-8,92%","20,53%","-2,08%","4,19%","-7,78%","11,79%","3,67%","13,75%"
06/01/23,"12,27%","0,64%","7,64%","5,88%","6,71%","4,39%","9,45%","3,85%","9,34%","0,37%","2,79%","-2,56%","11,87%","11,09%","-1,26%","8,62%","13,75%"
07/01/23,"5,21%","7,41%","0,77%","1,27%","-3,63%","-2,15%","-1,49%","7,29%","1,85%","5,59%","-6,45%","-0,16%","-2,81%","0,87%","8,35%","3,21%","13,75%"
08/01/23,"2,63%","-6,08%","-4,32%","-10,83%","-7,11%","-5,28%","-2,72%","-2,04%","-5,67%","-10,67%","-15,67%","5,16%","-9,18%","3,53%","4,24%","-5,22%","13,25%"
09/01/23,"8,11%","3,77%","-0,81%","-4,45%","-5,42%","0,51%","0,65%","-1,92%","-2,08%","1,08%","-17,92%","-12,38%","4,52%","3,41%","7,91%","0,71%","12,75%"
10/01/23,"0,29%","2,08%","-1,44%","-2,19%","-1,93%","-6,82%","-5,55%","10,41%","-4,64%","-9,42%","-8,89%","2,13%","-5,72%","-6,57%","-5,12%","-2,98%","12,75%"
11/01/23,"3,31%","6,79%","16,37%","15,10%","6,25%","8,47%","-5,88%","14,74%","16,97%","3,51%","28,91%","20,07%","15,94%","12,00%","4,20%","11,81%","12,25%"
12/01/23,"3,64%","4,44%","7,26%","4,92%","0,29%","4,59%","3,64%","7,07%","6,16%","7,65%","6,22%","4,06%","3,77%","9,09%","3,38%","5,24%","11,75%"
01/01/24,"9,03%","-13,04%","-3,57%","-10,74%","-4,85%","-15,02%","0,35%","-6,13%","-3,63%","-13,22%","-8,19%","1,73%","-3,89%","-2,25%","-7,48%","-4,91%","11,75%"
02/01/24,"-1,53%","-1,14%","3,48%","-11,01%","-3,90%","5,16%","3,83%","-1,59%","2,96%","12,62%","-1,57%","6,99%","6,38%","0,88%","8,77%","0,99%","11,25%"
03/01/24,"-7,18%","-9,65%","2,04%","3,64%","-0,72%","2,70%","4,81%","-7,00%","1,92%","4,03%","7,20%","31,00%","-4,23%","-6,05%","12,70%","-0,71%","10,75%"
04/01/24,"11,75%","3,96%","-9,95%","-1,84%","-2,76%","-6,76%","1,12%","8,64%","-9,38%","3,47%","-10,22%","0,12%","-9,66%","-5,67%","-9,02%","-1,72%","10,75%"
05/01/24,"-8,00%","-0,14%","-1,06%","-9,98%","-4,98%","-2,01%","1,83%","20,73%","1,76%","-5,19%","-15,57%","8,28%","-8,46%","-0,11%","-18,27%","-3,09%","10,50%"
06/01/24,"-1,93%","-1,56%","4,35%","-2,32%","-1,31%","2,40%","-0,60%","11,24%","0,92%","11,65%","-5,00%","-0,22%","3,00%","2,39%","15,75%","1,47%","10,50%"
07/01/24,"-1,70%","-0,95%","4,44%","0,40%","1,48%","7,21%","9,36%","4,40%","3,50%","18,30%","6,06%","19,22%","9,87%","8,15%","-5,68%","2,98%","10,50%"
08/01/24,"5,11%","-3,38%","8,00%","22,97%","10,48%","-0,15%","6,85%","3,73%","7,48%","6,66%","26,60%","6,67%","5,36%","3,31%","2,09%","6,34%","10,50%"
09/01/24,"-8,92%","6,39%","-1,62%","-6,20%","1,70%","-7,81%","-2,00%","-10,12%","1,00%","0,44%","4,30%","2,41%","-5,92%","-2,33%","-1,02%","-3,13%","10,75%"
